<?xml version="1.0" encoding="UTF-8"?>
<project xmlns:xsi="http://www.w3.org/2001/XMLSchema-instance" uuid="fb3474ab-0f7c-4ee1-8442-f26588474f35" xsi:noNamespaceSchemaLocation="http://www.jetbrains.com/teamcity/schemas/10.0/project-config.xsd">
  <name>&lt;Root project&gt;</name>
  <description>Contains all other projects</description>
  <parameters />
  <cleanup>
    <options>
      <option name="preventDependenciesArtifactsFromCleanup" value="false" />
    </options>
  </cleanup>
</project>

