<?xml version="1.0" encoding="UTF-8"?>
<build-type xmlns:xsi="http://www.w3.org/2001/XMLSchema-instance" uuid="f3ae745b-dcd5-4ba0-8e4f-5b604f00fbe7" xsi:noNamespaceSchemaLocation="http://www.jetbrains.com/teamcity/schemas/10.0/project-config.xsd">
  <name>pierwsza konfiguracja</name>
  <description />
  <settings>
    <parameters />
    <build-runners>
      <runner id="RUNNER_2" name="" type="jb.nuget.installer">
        <parameters>
          <param name="nuget.path" value="%teamcity.tool.NuGet.CommandLine.DEFAULT%" />
          <param name="nuget.updatePackages.mode" value="sln" />
          <param name="nuget.use.restore" value="restore" />
          <param name="sln.path" value="IDE_WordPress/IDE_WordPress.sln" />
          <param name="teamcity.step.mode" value="default" />
          <param name="toolPathSelector" value="%teamcity.tool.NuGet.CommandLine.DEFAULT%" />
        </parameters>
      </runner>
      <runner id="RUNNER_3" name="" type="MSBuild">
        <parameters>
          <param name="build-file-path" value="IDE_WordPress/IDE_WordPress.sln" />
          <param name="dotNetCoverage.NCover.HTMLReport.File.Sort" value="0" />
          <param name="dotNetCoverage.NCover.HTMLReport.File.Type" value="1" />
          <param name="dotNetCoverage.NCover.Reg" value="selected" />
          <param name="dotNetCoverage.NCover.platformBitness" value="x86" />
          <param name="dotNetCoverage.NCover.platformVersion" value="v2.0" />
          <param name="dotNetCoverage.NCover3.Reg" value="selected" />
          <param name="dotNetCoverage.NCover3.args" value="//ias .*" />
          <param name="dotNetCoverage.NCover3.platformBitness" value="x86" />
          <param name="dotNetCoverage.NCover3.platformVersion" value="v2.0" />
          <param name="dotNetCoverage.NCover3.reporter.executable.args" value="//or FullCoverageReport:Html:{teamcity.report.path}" />
          <param name="dotNetCoverage.PartCover.Reg" value="selected" />
          <param name="dotNetCoverage.PartCover.includes" value="[*]*" />
          <param name="dotNetCoverage.PartCover.platformBitness" value="x86" />
          <param name="dotNetCoverage.PartCover.platformVersion" value="v2.0" />
          <param name="msbuild_version" value="14.0" />
          <param name="run-platform" value="x86" />
          <param name="teamcity.step.mode" value="default" />
          <param name="toolsVersion" value="14.0" />
        </parameters>
      </runner>
      <runner id="RUNNER_1" name="step1" type="simpleRunner">
        <parameters>
          <param name="command.executable" value="test.cmd" />
          <param name="teamcity.step.mode" value="default" />
        </parameters>
      </runner>
    </build-runners>
    <vcs-settings>
      <vcs-entry-ref root-id="WszystkieTestyWordpress_HttpsGithubComRafalCodesprintersAutotestdotnetGit" />
    </vcs-settings>
    <requirements />
    <build-triggers>
      <build-trigger id="vcsTrigger" type="vcsTrigger">
        <parameters>
          <param name="groupCheckinsByCommitter" value="true" />
          <param name="perCheckinTriggering" value="true" />
          <param name="quietPeriodMode" value="DO_NOT_USE" />
        </parameters>
      </build-trigger>
    </build-triggers>
    <cleanup />
  </settings>
</build-type>

